label,x_center,y_center,width,height
20,122.892715,236.309326,151.515869,141.390015
10,597.261047,209.632339,225.485992,200.817169
30,406.112854,230.338837,72.912933,154.071823
