label,x_center,y_center,width,height
20,63.500000,234.000000,33.000000,112.000000
10,597.000000,209.000000,224.000000,200.000000
30,413.000000,229.500000,58.000000,153.000000
