label,x_center,y_center,width,height
20,67.500000,234.000000,41.000000,122.000000
10,597.000000,209.000000,224.000000,200.000000
30,406.000000,229.500000,72.000000,153.000000
