label,x_center,y_center,width,height
20,63.000000,234.500000,32.000000,111.000000
10,597.000000,209.000000,224.000000,200.000000
30,415.500000,229.500000,53.000000,153.000000
