label,x_center,y_center,width,height
20,64.000000,234.500000,34.000000,113.000000
10,597.000000,209.000000,224.000000,200.000000
30,412.000000,229.500000,60.000000,153.000000
