label,x_center,y_center,width,height
20,70.000000,235.000000,46.000000,128.000000
10,597.000000,209.000000,224.000000,200.000000
30,406.000000,229.500000,72.000000,153.000000
