label,x_center,y_center,width,height
20,62.500000,234.000000,31.000000,110.000000
10,597.000000,209.000000,224.000000,200.000000
30,418.000000,229.500000,48.000000,153.000000
