label,x_center,y_center,width,height
20,63.500000,234.500000,33.000000,111.000000
10,597.000000,209.000000,224.000000,200.000000
30,414.500000,229.500000,55.000000,153.000000
