label,x_center,y_center,width,height
20,65.500000,234.500000,37.000000,117.000000
10,597.000000,209.000000,224.000000,200.000000
30,406.000000,229.500000,72.000000,153.000000
