label,x_center,y_center,width,height
20,64.500000,234.500000,35.000000,115.000000
10,597.000000,209.000000,224.000000,200.000000
30,408.500000,229.500000,67.000000,153.000000
