label,x_center,y_center,width,height
20,64.000000,234.000000,34.000000,114.000000
10,597.000000,209.000000,224.000000,200.000000
30,410.000000,229.500000,64.000000,153.000000
