label,x_center,y_center,width,height
20,72.000000,235.000000,50.000000,130.000000
10,597.000000,209.000000,224.000000,200.000000
30,406.000000,229.500000,72.000000,153.000000
