label,x_center,y_center,width,height
20,65.000000,234.500000,36.000000,117.000000
10,597.000000,209.000000,224.000000,200.000000
30,406.500000,229.500000,71.000000,153.000000
